M001,I,INTERVALO PR,INTERVALO PR,-,00,A,9999
M002,I,INTERVALO QRS,INTERVALO QRS,-,00,A,9999
M003,I,INTERVALO QT,INTERVALO QT,-,00,A,9999
M004,I,ONDA P,ONDA P,-,00,A,9999
M005,I,ONDA Q,ONDA Q,-,00,A,9999
M006,I,ONDA R,ONDA R,-,00,A,9999
M007,I,ONDA S,ONDA S,-,00,A,9999
M008,I,ONDA T,ONDA T,-,00,A,9999
M009,I,ONDA U,ONDA U,-,00,A,9999
M010,I,SEGMENTO ST,SEGMENTO ST,-,00,A,9999
M011,I,EJE QRS,EJE QRS,-,00,A,9999
M012,S,RAZA,RAZA,-,00,A,9999
M013,B,TRATAMIENTO PARA HTA,TRATAMIENTO PARA HTA,-,00,A,9999
M014,B,DIABETES MELLITUS,DIABETES MELLITUS,-,00,A,9999
M015,B,TABACO,TABACO,-,00,A,9999
M016,I,RIESGO DE ENFERMEDAD CARDÍACA O STROKE A 10 AÑOS,RIESGO DE ENFERMEDAD CARDÍACA O STROKE A 10 AÑOS,-,00,A,9999
M017,B,EXPOSICION A RUIDO,EXPOSICION A RUIDO,-,00,A,9999
M018,B,USO DE PROTECTORES AUDITIVOS,USO DE PROTECTORES AUDITIVOS,-,00,A,9999
M019,B,SERVICIO MILITAR,SERVICIO MILITAR,-,00,A,9999
M020,B,HOBBIES CON EXPOSICION AL RUIDO,HOBBIES CON EXPOSICION AL RUIDO,-,00,A,9999
M021,B,EXPOSICION LABORAL  A QUIMICOS,EXPOSICION LABORAL  A QUIMICOS,-,00,A,9999
M022,B,INFECCION DE OIDOS,INFECCION DE OIDOS,-,00,A,9999
M023,B,USO DE OTOTOXICOS,USO DE OTOTOXICOS,-,00,A,9999
M024,I,TIEMPO DE EXPOSICION HORAS/DIA,TIEMPO DE EXPOSICION HORAS/DIA,-,00,A,9999
M025,I,TIEMPO DE EXPOSICION AÑOS,TIEMPO DE EXPOSICION AÑOS,-,00,A,9999
M026,S,TIPO DE PROTECTORES,TIPO DE PROTECTORES,-,00,A,9999
M027,S,SINTOMAS ACTUALES AUDIOMETRIA,SINTOMAS ACTUALES AUDIOMETRIA,-,00,A,9999
M028,I,OTROS AUDIOMETRIA,OTROS AUDIOMETRIA,-,00,A,9999
M029,S,OTOSCOPIA DERECHO,OTOSCOPIA DERECHO,-,00,A,9999
M030,I,OTOSCOPIA DERECHO DETALLE,OTOSCOPIA DERECHO DETALLE,-,00,A,9999
M031,S,OTOSCOPIA IZQUIERDO,OTOSCOPIA IZQUIERDO,-,00,A,9999
M032,I,OTOSCOPIA IZQUIERDO DETALLE,OTOSCOPIA IZQUIERDO DETALLE,-,00,A,9999
M033,I,OIDO DERECHO AEREA 250,OIDO DERECHO AEREA 250,-,00,A,9999
M034,I,OIDO DERECHO AEREA 500,OIDO DERECHO AEREA 500,-,00,A,9999
M035,I,OIDO DERECHO AEREA 1000,OIDO DERECHO AEREA 1000,-,00,A,9999
M036,I,OIDO DERECHO AEREA 2000,OIDO DERECHO AEREA 2000,-,00,A,9999
M037,I,OIDO DERECHO AEREA 3000,OIDO DERECHO AEREA 3000,-,00,A,9999
M038,I,OIDO DERECHO AEREA 4000,OIDO DERECHO AEREA 4000,-,00,A,9999
M039,I,OIDO DERECHO AEREA 6000,OIDO DERECHO AEREA 6000,-,00,A,9999
M040,I,OIDO DERECHO AEREA 8000,OIDO DERECHO AEREA 8000,-,00,A,9999
M041,I,OIDO IZQUIERDO AEREA 250,OIDO IZQUIERDO AEREA 250,-,00,A,9999
M042,I,OIDO IZQUIERDO AEREA 500,OIDO IZQUIERDO AEREA 500,-,00,A,9999
M043,I,OIDO IZQUIERDO AEREA 1000,OIDO IZQUIERDO AEREA 1000,-,00,A,9999
M044,I,OIDO IZQUIERDO AEREA 2000,OIDO IZQUIERDO AEREA 2000,-,00,A,9999
M045,I,OIDO IZQUIERDO AEREA 3000,OIDO IZQUIERDO AEREA 3000,-,00,A,9999
M046,I,OIDO IZQUIERDO AEREA 4000,OIDO IZQUIERDO AEREA 4000,-,00,A,9999
M047,I,OIDO IZQUIERDO AEREA 6000,OIDO IZQUIERDO AEREA 6000,-,00,A,9999
M048,I,OIDO IZQUIERDO AEREA 8000,OIDO IZQUIERDO AEREA 8000,-,00,A,9999
M049,I,OIDO DERECHO OSEA 250,OIDO DERECHO OSEA 250,-,00,A,9999
M050,I,OIDO DERECHO OSEA 500,OIDO DERECHO OSEA 500,-,00,A,9999
M051,I,OIDO DERECHO OSEA 1000,OIDO DERECHO OSEA 1000,-,00,A,9999
M052,I,OIDO DERECHO OSEA 2000,OIDO DERECHO OSEA 2000,-,00,A,9999
M053,I,OIDO DERECHO OSEA 3000,OIDO DERECHO OSEA 3000,-,00,A,9999
M054,I,OIDO DERECHO OSEA 4000,OIDO DERECHO OSEA 4000,-,00,A,9999
M055,I,OIDO DERECHO OSEA 6000,OIDO DERECHO OSEA 6000,-,00,A,9999
M056,I,OIDO DERECHO OSEA 8000,OIDO DERECHO OSEA 8000,-,00,A,9999
M057,I,OIDO IZQUIERDO OSEA 250,OIDO IZQUIERDO OSEA 250,-,00,A,9999
M058,I,OIDO IZQUIERDO OSEA 500,OIDO IZQUIERDO OSEA 500,-,00,A,9999
M059,I,OIDO IZQUIERDO OSEA 1000,OIDO IZQUIERDO OSEA 1000,-,00,A,9999
M060,I,OIDO IZQUIERDO OSEA 2000,OIDO IZQUIERDO OSEA 2000,-,00,A,9999
M061,I,OIDO IZQUIERDO OSEA 3000,OIDO IZQUIERDO OSEA 3000,-,00,A,9999
M062,I,OIDO IZQUIERDO OSEA 4000,OIDO IZQUIERDO OSEA 4000,-,00,A,9999
M063,I,OIDO IZQUIERDO OSEA 6000,OIDO IZQUIERDO OSEA 6000,-,00,A,9999
M064,I,OIDO IZQUIERDO OSEA 8000,OIDO IZQUIERDO OSEA 8000,-,00,A,9999
M065,B,NUNCA DOCE MESES,NUNCA DOCE MESES,-,00,A,9999
M066,B,NUNCA INCAPACITACION,NUNCA INCAPACITACION,-,00,A,9999
M067,B,NUNCA SIETE DIAS,NUNCA SIETE DIAS,-,00,A,9999
M068,B,HOMBRO DERECHO DOCE MESES,HOMBRO DERECHO DOCE MESES,-,00,A,9999
M069,B,HOMBRO DERECHO INCAPACITACION,HOMBRO DERECHO INCAPACITACION,-,00,A,9999
M070,B,HOMBRO DERECHO SIETE DIAS,HOMBRO DERECHO SIETE DIAS,-,00,A,9999
M071,B,HOMBRO IZQUIERDO DOCE MESES,HOMBRO IZQUIERDO DOCE MESES,-,00,A,9999
M072,B,HOMBRO IZQUIERDO INCAPACITACION,HOMBRO IZQUIERDO INCAPACITACION,-,00,A,9999
M073,B,HOMBRO IZQUIERDO SIETE DIAS,HOMBRO IZQUIERDO SIETE DIAS,-,00,A,9999
M074,B,AMBOS HOMBROS DOCE MESES,AMBOS HOMBROS DOCE MESES,-,00,A,9999
M075,B,AMBOS HOMBROS INCAPACITACION,AMBOS HOMBROS INCAPACITACION,-,00,A,9999
M076,B,AMBOS HOMBROS SIETE DIAS,AMBOS HOMBROS SIETE DIAS,-,00,A,9999
M077,B,CODO DERECHO DOCE MESES,CODO DERECHO DOCE MESES,-,00,A,9999
M078,B,CODO DERECHO INCAPACITACION,CODO DERECHO INCAPACITACION,-,00,A,9999
M079,B,CODO DERECHO SIETE DIAS,CODO DERECHO SIETE DIAS,-,00,A,9999
M080,B,CODO IZQUIERDO DOCE MESES,CODO IZQUIERDO DOCE MESES,-,00,A,9999
M081,B,CODO IZQUIERDO INCAPACITACION,CODO IZQUIERDO INCAPACITACION,-,00,A,9999
M082,B,CODO IZQUIERDO SIETE DIAS,CODO IZQUIERDO SIETE DIAS,-,00,A,9999
M083,B,AMBOS CODOS DOCE MESES,AMBOS CODOS DOCE MESES,-,00,A,9999
M084,B,AMBOS CODOS INCAPACITACION,AMBOS CODOS INCAPACITACION,-,00,A,9999
M085,B,AMBOS CODOS SIETE DIAS,AMBOS CODOS SIETE DIAS,-,00,A,9999
M086,B,PUÑOS/MANOS DERECHA DOCE MESES,PUÑOS/MANOS DERECHA DOCE MESES,-,00,A,9999
M087,B,PUÑOS/MANOS DERECHA INCAPACITACION,PUÑOS/MANOS DERECHA INCAPACITACION,-,00,A,9999
M088,B,PUÑOS/MANOS DERECHA SIETE DIAS,PUÑOS/MANOS DERECHA SIETE DIAS,-,00,A,9999
M089,B,PUÑOS/MANOS IZQUIERDA DOCE MESES,PUÑOS/MANOS IZQUIERDA DOCE MESES,-,00,A,9999
M090,B,PUÑOS/MANOS IZQUIERDA INCAPACITACION,PUÑOS/MANOS IZQUIERDA INCAPACITACION,-,00,A,9999
M091,B,PUÑOS/MANOS IZQUIERDA SIETE DIAS,PUÑOS/MANOS IZQUIERDA SIETE DIAS,-,00,A,9999
M092,B,PUÑOS/MANOS AMBOS DOCE MESES,PUÑOS/MANOS AMBOS DOCE MESES,-,00,A,9999
M093,B,PUÑOS/MANOS AMBOS INCAPACITACION,PUÑOS/MANOS AMBOS INCAPACITACION,-,00,A,9999
M094,B,PUÑOS/MANOS AMBOS SIETE DIAS,PUÑOS/MANOS AMBOS SIETE DIAS,-,00,A,9999
M095,B,COLUMNA ALTA (DORSO) DOCE MESES,COLUMNA ALTA (DORSO) DOCE MESES,-,00,A,9999
M096,B,COLUMNA ALTA (DORSO) INCAPACITACION,COLUMNA ALTA (DORSO) INCAPACITACION,-,00,A,9999
M097,B,COLUMNA ALTA (DORSO) SIETE DIAS,COLUMNA ALTA (DORSO) SIETE DIAS,-,00,A,9999
M098,B,COLUMNA BAJA (LUMBARES) DOCE MESES,COLUMNA BAJA (LUMBARES) DOCE MESES,-,00,A,9999
M099,B,COLUMNA BAJA (LUMBARES) INCAPACITACION,COLUMNA BAJA (LUMBARES) INCAPACITACION,-,00,A,9999
M100,B,COLUMNA BAJA (LUMBARES) SIETE DIAS,COLUMNA BAJA (LUMBARES) SIETE DIAS,-,00,A,9999
M101,B,CADERAS DERECHA DOCE MESES,CADERAS DERECHA DOCE MESES,-,00,A,9999
M102,B,CADERAS DERECHA INCAPACITACION,CADERAS DERECHA INCAPACITACION,-,00,A,9999
M103,B,CADERAS DERECHA SIETE DIAS,CADERAS DERECHA SIETE DIAS,-,00,A,9999
M104,B,CADERAS IZQUIERDA DOCE MESES,CADERAS IZQUIERDA DOCE MESES,-,00,A,9999
M105,B,CADERAS IZQUIERDA INCAPACITACION,CADERAS IZQUIERDA INCAPACITACION,-,00,A,9999
M106,B,CADERAS IZQUIERDA SIETE DIAS,CADERAS IZQUIERDA SIETE DIAS,-,00,A,9999
M107,B,RODILLA DERECHA DOCE MESES,RODILLA DERECHA DOCE MESES,-,00,A,9999
M108,B,RODILLA DERECHA INCAPACITACION,RODILLA DERECHA INCAPACITACION,-,00,A,9999
M109,B,RODILLA DERECHA SIETE DIAS,RODILLA DERECHA SIETE DIAS,-,00,A,9999
M110,B,RODILLA IZQUIERDA DOCE MESES,RODILLA IZQUIERDA DOCE MESES,-,00,A,9999
M111,B,RODILLA IZQUIERDA INCAPACITACION,RODILLA IZQUIERDA INCAPACITACION,-,00,A,9999
M112,B,RODILLA IZQUIERDA SIETE DIAS,RODILLA IZQUIERDA SIETE DIAS,-,00,A,9999
M113,B,TOBILLO/PIES DERECHO DOCE MESES,TOBILLO/PIES DERECHO DOCE MESES,-,00,A,9999
M114,B,TOBILLO/PIES DERECHO INCAPACITACION,TOBILLO/PIES DERECHO INCAPACITACION,-,00,A,9999
M115,B,TOBILLO/PIES DERECHO SIETE DIAS,TOBILLO/PIES DERECHO SIETE DIAS,-,00,A,9999
M116,B,TOBILLO/PIES IZQUIERDO DOCE MESES,TOBILLO/PIES IZQUIERDO DOCE MESES,-,00,A,9999
M117,B,TOBILLO/PIES IZQUIERDO INCAPACITACION,TOBILLO/PIES IZQUIERDO INCAPACITACION,-,00,A,9999
M118,B,TOBILLO/PIES IZQUIERDO SIETE DIAS,TOBILLO/PIES IZQUIERDO SIETE DIAS,-,00,A,9999
M119,S,CURVAS FISILOGICAS ANT-POST CERVICAL,CURVAS FISILOGICAS ANT-POST CERVICAL,-,00,A,9999
M120,S,CURVAS FISILOGICAS ANT-POST DORSAL,CURVAS FISILOGICAS ANT-POST DORSAL,-,00,A,9999
M121,S,CURVAS FISILOGICAS ANT-POST LUMBAR,CURVAS FISILOGICAS ANT-POST LUMBAR,-,00,A,9999
M122,S,DESVIACIONES DEL EJE LATERAL DORSAL,DESVIACIONES DEL EJE LATERAL DORSAL,-,00,A,9999
M123,S,DESVIACIONES DEL EJE LATERAL LUMBAR,DESVIACIONES DEL EJE LATERAL LUMBAR,-,00,A,9999
M124,S,MOVILIDAD DOLOR CERVICAL,MOVILIDAD DOLOR CERVICAL,-,00,A,9999
M125,S,MOVILIDAD DOLOR DORSO LUMBAR,MOVILIDAD DOLOR DORSO LUMBAR,-,00,A,9999
M126,B,EXPLORACION LASEGUE DERECHO,EXPLORACION LASEGUE DERECHO,-,00,A,9999
M127,B,EXPLORACION LASEGUE IZQUIERDO,EXPLORACION LASEGUE IZQUIERDO,-,00,A,9999
M128,B,EXPLORACION TEST DE SCHOBER DERECHO,EXPLORACION TEST DE SCHOBER DERECHO,-,00,A,9999
M129,B,EXPLORACION TEST DE SCHOBER IZQUIERDO,EXPLORACION TEST DE SCHOBER IZQUIERDO,-,00,A,9999
M130,S,PALPACION COLUMNA CERVICAL,PALPACION COLUMNA CERVICAL,-,00,A,9999
M131,S,PALPACION COLUMNA DORSAL,PALPACION COLUMNA DORSAL,-,00,A,9999
M132,S,PALPACION COLUMNA LUMBAR,PALPACION COLUMNA LUMBAR,-,00,A,9999
M133,B,ARTICULACION DOLOR HOMBRO ABDUCCION DERECHA,ARTICULACION DOLOR HOMBRO ABDUCCION DERECHA,-,00,A,9999
M134,B,ARTICULACION DOLOR HOMBRO ADUCCION DERECHA,ARTICULACION DOLOR HOMBRO ADUCCION DERECHA,-,00,A,9999
M135,B,ARTICULACION DOLOR HOMBRO FLEXION DERECHA,ARTICULACION DOLOR HOMBRO FLEXION DERECHA,-,00,A,9999
M136,B,ARTICULACION DOLOR HOMBRO EXTENSION DERECHA,ARTICULACION DOLOR HOMBRO EXTENSION DERECHA,-,00,A,9999
M137,B,ARTICULACION DOLOR HOMBRO ROTACION EXTERNA DERECHA,ARTICULACION DOLOR HOMBRO ROTACION EXTERNA DERECHA,-,00,A,9999
M138,B,ARTICULACION DOLOR HOMBRO ROTACION INTERNA DERECHA,ARTICULACION DOLOR HOMBRO ROTACION INTERNA DERECHA,-,00,A,9999
M139,B,ARTICULACION DOLOR HOMBRO ABDUCCION IZQUIERDA,ARTICULACION DOLOR HOMBRO ABDUCCION IZQUIERDA,-,00,A,9999
M140,B,ARTICULACION DOLOR HOMBRO ADUCCION IZQUIERDA,ARTICULACION DOLOR HOMBRO ADUCCION IZQUIERDA,-,00,A,9999
M141,B,ARTICULACION DOLOR HOMBRO FLEXION IZQUIERDA,ARTICULACION DOLOR HOMBRO FLEXION IZQUIERDA,-,00,A,9999
M142,B,ARTICULACION DOLOR HOMBRO EXTENSION IZQUIERDA,ARTICULACION DOLOR HOMBRO EXTENSION IZQUIERDA,-,00,A,9999
M143,B,ARTICULACION DOLOR HOMBRO ROTACION EXTERNA IZQUIERDA,ARTICULACION DOLOR HOMBRO ROTACION EXTERNA IZQUIERDA,-,00,A,9999
M144,B,ARTICULACION DOLOR HOMBRO ROTACION INTERNA IZQUIERDA,ARTICULACION DOLOR HOMBRO ROTACION INTERNA IZQUIERDA,-,00,A,9999
M145,B,ARTICULACION DOLOR CODO ABDUCCION DERECHA,ARTICULACION DOLOR CODO ABDUCCION DERECHA,-,00,A,9999
M146,B,ARTICULACION DOLOR CODO ADUCCION DERECHA,ARTICULACION DOLOR CODO ADUCCION DERECHA,-,00,A,9999
M147,B,ARTICULACION DOLOR CODO FLEXION DERECHA,ARTICULACION DOLOR CODO FLEXION DERECHA,-,00,A,9999
M148,B,ARTICULACION DOLOR CODO EXTENSION DERECHA,ARTICULACION DOLOR CODO EXTENSION DERECHA,-,00,A,9999
M149,B,ARTICULACION DOLOR CODO ROTACION EXTERNA DERECHA,ARTICULACION DOLOR CODO ROTACION EXTERNA DERECHA,-,00,A,9999
M150,B,ARTICULACION DOLOR CODO ROTACION INTERNA DERECHA,ARTICULACION DOLOR CODO ROTACION INTERNA DERECHA,-,00,A,9999
M151,B,ARTICULACION DOLOR CODO ABDUCCION IZQUIERDA,ARTICULACION DOLOR CODO ABDUCCION IZQUIERDA,-,00,A,9999
M152,B,ARTICULACION DOLOR CODO ADUCCION IZQUIERDA,ARTICULACION DOLOR CODO ADUCCION IZQUIERDA,-,00,A,9999
M153,B,ARTICULACION DOLOR CODO FLEXION IZQUIERDA,ARTICULACION DOLOR CODO FLEXION IZQUIERDA,-,00,A,9999
M154,B,ARTICULACION DOLOR CODO EXTENSION IZQUIERDA,ARTICULACION DOLOR CODO EXTENSION IZQUIERDA,-,00,A,9999
M155,B,ARTICULACION DOLOR CODO ROTACION EXTERNA IZQUIERDA,ARTICULACION DOLOR CODO ROTACION EXTERNA IZQUIERDA,-,00,A,9999
M156,B,ARTICULACION DOLOR CODO ROTACION INTERNA IZQUIERDA,ARTICULACION DOLOR CODO ROTACION INTERNA IZQUIERDA,-,00,A,9999
M157,B,ARTICULACION DOLOR MUÑECA ABDUCCION DERECHA,ARTICULACION DOLOR MUÑECA ABDUCCION DERECHA,-,00,A,9999
M158,B,ARTICULACION DOLOR MUÑECA ADUCCION DERECHA,ARTICULACION DOLOR MUÑECA ADUCCION DERECHA,-,00,A,9999
M159,B,ARTICULACION DOLOR MUÑECA FLEXION DERECHA,ARTICULACION DOLOR MUÑECA FLEXION DERECHA,-,00,A,9999
M160,B,ARTICULACION DOLOR MUÑECA EXTENSION DERECHA,ARTICULACION DOLOR MUÑECA EXTENSION DERECHA,-,00,A,9999
M161,B,ARTICULACION DOLOR MUÑECA ROTACION EXTERNA DERECHA,ARTICULACION DOLOR MUÑECA ROTACION EXTERNA DERECHA,-,00,A,9999
M162,B,ARTICULACION DOLOR MUÑECA ROTACION INTERNA DERECHA,ARTICULACION DOLOR MUÑECA ROTACION INTERNA DERECHA,-,00,A,9999
M163,B,ARTICULACION DOLOR MUÑECA ABDUCCION IZQUIERDA,ARTICULACION DOLOR MUÑECA ABDUCCION IZQUIERDA,-,00,A,9999
M164,B,ARTICULACION DOLOR MUÑECA ADUCCION IZQUIERDA,ARTICULACION DOLOR MUÑECA ADUCCION IZQUIERDA,-,00,A,9999
M165,B,ARTICULACION DOLOR MUÑECA FLEXION IZQUIERDA,ARTICULACION DOLOR MUÑECA FLEXION IZQUIERDA,-,00,A,9999
M166,B,ARTICULACION DOLOR MUÑECA EXTENSION IZQUIERDA,ARTICULACION DOLOR MUÑECA EXTENSION IZQUIERDA,-,00,A,9999
M167,B,ARTICULACION DOLOR MUÑECA ROTACION EXTERNA IZQUIERDA,ARTICULACION DOLOR MUÑECA ROTACION EXTERNA IZQUIERDA,-,00,A,9999
M168,B,ARTICULACION DOLOR MUÑECA ROTACION INTERNA IZQUIERDA,ARTICULACION DOLOR MUÑECA ROTACION INTERNA IZQUIERDA,-,00,A,9999
M169,B,ARTICULACION DOLOR CADERA ABDUCCION DERECHA,ARTICULACION DOLOR CADERA ABDUCCION DERECHA,-,00,A,9999
M170,B,ARTICULACION DOLOR CADERA ADUCCION DERECHA,ARTICULACION DOLOR CADERA ADUCCION DERECHA,-,00,A,9999
M171,B,ARTICULACION DOLOR CADERA FLEXION DERECHA,ARTICULACION DOLOR CADERA FLEXION DERECHA,-,00,A,9999
M172,B,ARTICULACION DOLOR CADERA EXTENSION DERECHA,ARTICULACION DOLOR CADERA EXTENSION DERECHA,-,00,A,9999
M173,B,ARTICULACION DOLOR CADERA ROTACION EXTERNA DERECHA,ARTICULACION DOLOR CADERA ROTACION EXTERNA DERECHA,-,00,A,9999
M174,B,ARTICULACION DOLOR CADERA ROTACION INTERNA DERECHA,ARTICULACION DOLOR CADERA ROTACION INTERNA DERECHA,-,00,A,9999
M175,B,ARTICULACION DOLOR CADERA ABDUCCION IZQUIERDA,ARTICULACION DOLOR CADERA ABDUCCION IZQUIERDA,-,00,A,9999
M176,B,ARTICULACION DOLOR CADERA ADUCCION IZQUIERDA,ARTICULACION DOLOR CADERA ADUCCION IZQUIERDA,-,00,A,9999
M177,B,ARTICULACION DOLOR CADERA FLEXION IZQUIERDA,ARTICULACION DOLOR CADERA FLEXION IZQUIERDA,-,00,A,9999
M178,B,ARTICULACION DOLOR CADERA EXTENSION IZQUIERDA,ARTICULACION DOLOR CADERA EXTENSION IZQUIERDA,-,00,A,9999
M179,B,ARTICULACION DOLOR CADERA ROTACION EXTERNA IZQUIERDA,ARTICULACION DOLOR CADERA ROTACION EXTERNA IZQUIERDA,-,00,A,9999
M180,B,ARTICULACION DOLOR CADERA ROTACION INTERNA IZQUIERDA,ARTICULACION DOLOR CADERA ROTACION INTERNA IZQUIERDA,-,00,A,9999
M181,B,ARTICULACION DOLOR RODILLA ABDUCCION DERECHA,ARTICULACION DOLOR RODILLA ABDUCCION DERECHA,-,00,A,9999
M182,B,ARTICULACION DOLOR RODILLA ADUCCION DERECHA,ARTICULACION DOLOR RODILLA ADUCCION DERECHA,-,00,A,9999
M183,B,ARTICULACION DOLOR RODILLA FLEXION DERECHA,ARTICULACION DOLOR RODILLA FLEXION DERECHA,-,00,A,9999
M184,B,ARTICULACION DOLOR RODILLA EXTENSION DERECHA,ARTICULACION DOLOR RODILLA EXTENSION DERECHA,-,00,A,9999
M185,B,ARTICULACION DOLOR RODILLA ROTACION EXTERNA DERECHA,ARTICULACION DOLOR RODILLA ROTACION EXTERNA DERECHA,-,00,A,9999
M186,B,ARTICULACION DOLOR RODILLA ROTACION INTERNA DERECHA,ARTICULACION DOLOR RODILLA ROTACION INTERNA DERECHA,-,00,A,9999
M187,B,ARTICULACION DOLOR RODILLA ABDUCCION IZQUIERDA,ARTICULACION DOLOR RODILLA ABDUCCION IZQUIERDA,-,00,A,9999
M188,B,ARTICULACION DOLOR RODILLA ADUCCION IZQUIERDA,ARTICULACION DOLOR RODILLA ADUCCION IZQUIERDA,-,00,A,9999
M189,B,ARTICULACION DOLOR RODILLA FLEXION IZQUIERDA,ARTICULACION DOLOR RODILLA FLEXION IZQUIERDA,-,00,A,9999
M190,B,ARTICULACION DOLOR RODILLA EXTENSION IZQUIERDA,ARTICULACION DOLOR RODILLA EXTENSION IZQUIERDA,-,00,A,9999
M191,B,ARTICULACION DOLOR RODILLA ROTACION EXTERNA IZQUIERDA,ARTICULACION DOLOR RODILLA ROTACION EXTERNA IZQUIERDA,-,00,A,9999
M192,B,ARTICULACION DOLOR RODILLA ROTACION INTERNA IZQUIERDA,ARTICULACION DOLOR RODILLA ROTACION INTERNA IZQUIERDA,-,00,A,9999
M193,B,ARTICULACION DOLOR TOBILLO ABDUCCION DERECHA,ARTICULACION DOLOR TOBILLO ABDUCCION DERECHA,-,00,A,9999
M194,B,ARTICULACION DOLOR TOBILLO ADUCCION DERECHA,ARTICULACION DOLOR TOBILLO ADUCCION DERECHA,-,00,A,9999
M195,B,ARTICULACION DOLOR TOBILLO FLEXION DERECHA,ARTICULACION DOLOR TOBILLO FLEXION DERECHA,-,00,A,9999
M196,B,ARTICULACION DOLOR TOBILLO EXTENSION DERECHA,ARTICULACION DOLOR TOBILLO EXTENSION DERECHA,-,00,A,9999
M197,B,ARTICULACION DOLOR TOBILLO ROTACION EXTERNA DERECHA,ARTICULACION DOLOR TOBILLO ROTACION EXTERNA DERECHA,-,00,A,9999
M198,B,ARTICULACION DOLOR TOBILLO ROTACION INTERNA DERECHA,ARTICULACION DOLOR TOBILLO ROTACION INTERNA DERECHA,-,00,A,9999
M199,B,ARTICULACION DOLOR TOBILLO ABDUCCION IZQUIERDA,ARTICULACION DOLOR TOBILLO ABDUCCION IZQUIERDA,-,00,A,9999
M200,B,ARTICULACION DOLOR TOBILLO ADUCCION IZQUIERDA,ARTICULACION DOLOR TOBILLO ADUCCION IZQUIERDA,-,00,A,9999
M201,B,ARTICULACION DOLOR TOBILLO FLEXION IZQUIERDA,ARTICULACION DOLOR TOBILLO FLEXION IZQUIERDA,-,00,A,9999
M202,B,ARTICULACION DOLOR TOBILLO EXTENSION IZQUIERDA,ARTICULACION DOLOR TOBILLO EXTENSION IZQUIERDA,-,00,A,9999
M203,B,ARTICULACION DOLOR TOBILLO ROTACION EXTERNA IZQUIERDA,ARTICULACION DOLOR TOBILLO ROTACION EXTERNA IZQUIERDA,-,00,A,9999
M204,B,ARTICULACION DOLOR TOBILLO ROTACION INTERNA IZQUIERDA,ARTICULACION DOLOR TOBILLO ROTACION INTERNA IZQUIERDA,-,00,A,9999
M205,B,ARTICULACION DOLOR TOBILLO ROTACION INTERNA IZQUIERDA,ARTICULACION DOLOR TOBILLO ROTACION INTERNA IZQUIERDA,-,00,A,9999
M206,B,TEST DE PHALEN DERECHO,TEST DE PHALEN DERECHO,-,00,A,9999
M207,B,TEST DE PHALEN IZQUIERDO,TEST DE PHALEN IZQUIERDO,-,00,A,9999
M208,B,TEST DE TINEL DERECHO,TEST DE TINEL DERECHO,-,00,A,9999
M209,B,TEST DE TINEL IZQUIERDO,TEST DE TINEL IZQUIERDO,-,00,A,9999
M210,S,EXPLORACION CODO DERECHO ,EXPLORACION CODO DERECHO ,-,00,A,9999
M211,S,EXPLORACION CODO IZQUIERDO,EXPLORACION CODO IZQUIERDO,-,00,A,9999
M212,S,EXPLORACION PIE DERECHO ,EXPLORACION PIE DERECHO ,-,00,A,9999
M213,S,EXPLORACION PIE IZQUIERDO,EXPLORACION PIE IZQUIERDO,-,00,A,9999
M214,S,MANIOBRA DE BARE,MANIOBRA DE BARE,-,00,A,9999
M215,S,MANIOBRA DE MINGAZINI,MANIOBRA DE MINGAZINI,-,00,A,9999
M216,S,MOV. INVOLUNTARIOS,MOV. INVOLUNTARIOS,-,00,A,9999
M217,S,ATROFIA MUSCULAR,ATROFIA MUSCULAR,-,00,A,9999
M218,S,ASIMETRIA MUSCULAR,ASIMETRIA MUSCULAR,-,00,A,9999
M219,S,HIPOTOMIA MUSCULAR,HIPOTOMIA MUSCULAR,-,00,A,9999
M220,S,HIPERTONIA MUSCULAR,HIPERTONIA MUSCULAR,-,00,A,9999
M221,S,FUERZA MUSCULAR,FUERZA MUSCULAR,-,00,A,9999
M222,S,PRUEBA DEDO - NARIZ,PRUEBA DEDO - NARIZ,-,00,A,9999
M223,S,PRUEBA DEDO - TALON,PRUEBA DEDO - TALON,-,00,A,9999
M224,S,PRUEBA TALON RODILLA,PRUEBA TALON RODILLA,-,00,A,9999
M225,S,SIGNO DE ROMBERG,SIGNO DE ROMBERG,-,00,A,9999
M226,S,NISTAGMUS,NISTAGMUS,-,00,A,9999
M227,S,SIGNOS Y SINTOMAS EVALUACION OSTEOMIARTICULAR,SIGNOS Y SINTOMAS EVALUACION OSTEOMIARTICULAR,-,00,A,9999
M228,B,CUESTIONARIO SMT CUELLO 1,CUESTIONARIO SMT CUELLO 1,-,00,A,9999
M229,B,CUESTIONARIO SMT HOMBRO 1,CUESTIONARIO SMT HOMBRO 1,-,00,A,9999
M230,S,CUESTIONARIO SMT HOMBRO 1 DETALLE,CUESTIONARIO SMT HOMBRO 1 DETALLE,-,00,A,9999
M231,B,CUESTIONARIO SMT COLUMNA DORSAL 1,CUESTIONARIO SMT COLUMNA DORSAL 1,-,00,A,9999
M232,B,CUESTIONARIO SMT COLUMNA LUMBAR 1,CUESTIONARIO SMT COLUMNA LUMBAR 1,-,00,A,9999
M233,B,CUESTIONARIO SMT CODO O ANTEBRAZO 1,CUESTIONARIO SMT CODO O ANTEBRAZO 1,-,00,A,9999
M234,S,CUESTIONARIO SMT CODO O ANTEBRAZO 1 DETALLE,CUESTIONARIO SMT CODO O ANTEBRAZO 1 DETALLE,-,00,A,9999
M235,B,CUESTIONARIO SMT MUÑECA O MANO 1,CUESTIONARIO SMT MUÑECA O MANO 1,-,00,A,9999
M236,S,CUESTIONARIO SMT MUÑECA O MANO 1 DETALLE,CUESTIONARIO SMT MUÑECA O MANO 1 DETALLE,-,00,A,9999
M237,B,CUESTIONARIO SMT CADERA O MUSLO 1,CUESTIONARIO SMT CADERA O MUSLO 1,-,00,A,9999
M238,S,CUESTIONARIO SMT CADERA O MUSLO 1 DETALLE,CUESTIONARIO SMT CADERA O MUSLO 1 DETALLE,-,00,A,9999
M239,B,CUESTIONARIO SMT RODILLA 1,CUESTIONARIO SMT RODILLA 1,-,00,A,9999
M240,S,CUESTIONARIO SMT RODILLA 1 DETALLE,CUESTIONARIO SMT RODILLA 1 DETALLE,-,00,A,9999
M241,B,CUESTIONARIO SMT TOBILLO  O PIE 1,CUESTIONARIO SMT TOBILLO  O PIE 1,-,00,A,9999
M242,S,CUESTIONARIO SMT TOBILLO  O PIE 1 DETALLE,CUESTIONARIO SMT TOBILLO  O PIE 1 DETALLE,-,00,A,9999
M243,S,CUESTIONARIO SMT CUELLO 2,CUESTIONARIO SMT CUELLO 2,-,00,A,9999
M244,S,CUESTIONARIO SMT HOMBRO 2,CUESTIONARIO SMT HOMBRO 2,-,00,A,9999
M245,S,CUESTIONARIO SMT COLUMNA DORSAL 2,CUESTIONARIO SMT COLUMNA DORSAL 2,-,00,A,9999
M246,S,CUESTIONARIO SMT COLUMNA LUMBAR 2,CUESTIONARIO SMT COLUMNA LUMBAR 2,-,00,A,9999
M247,S,CUESTIONARIO SMT CODO O ANTEBRAZO 2,CUESTIONARIO SMT CODO O ANTEBRAZO 2,-,00,A,9999
M248,S,CUESTIONARIO SMT MUÑECA O MANO 2,CUESTIONARIO SMT MUÑECA O MANO 2,-,00,A,9999
M249,S,CUESTIONARIO SMT CADERA O MUSLO 2,CUESTIONARIO SMT CADERA O MUSLO 2,-,00,A,9999
M250,S,CUESTIONARIO SMT RODILLA 2,CUESTIONARIO SMT RODILLA 2,-,00,A,9999
M251,S,CUESTIONARIO SMT TOBILLO O PIE 2,CUESTIONARIO SMT TOBILLO O PIE 2,-,00,A,9999
M252,B,CUESTIONARIO SMT CUELLO 3,CUESTIONARIO SMT CUELLO 3,-,00,A,9999
M253,B,CUESTIONARIO SMT HOMBRO 3,CUESTIONARIO SMT HOMBRO 3,-,00,A,9999
M254,B,CUESTIONARIO SMT COLUMNA DORSAL 3,CUESTIONARIO SMT COLUMNA DORSAL 3,-,00,A,9999
M255,B,CUESTIONARIO SMT COLUMNA LUMBAR 3,CUESTIONARIO SMT COLUMNA LUMBAR 3,-,00,A,9999
M256,B,CUESTIONARIO SMT CODO O ANTEBRAZO 3,CUESTIONARIO SMT CODO O ANTEBRAZO 3,-,00,A,9999
M257,B,CUESTIONARIO SMT MUÑECA O MANO 3,CUESTIONARIO SMT MUÑECA O MANO 3,-,00,A,9999
M258,B,CUESTIONARIO SMT CADERA O MUSLO 3,CUESTIONARIO SMT CADERA O MUSLO 3,-,00,A,9999
M259,B,CUESTIONARIO SMT RODILLA 3,CUESTIONARIO SMT RODILLA 3,-,00,A,9999
M260,B,CUESTIONARIO SMT TOBILLO O PIE 3,CUESTIONARIO SMT TOBILLO O PIE 3,-,00,A,9999
M261,B,CUESTIONARIO SMT CUELLO 4,CUESTIONARIO SMT CUELLO 4,-,00,A,9999
M262,B,CUESTIONARIO SMT HOMBRO 4,CUESTIONARIO SMT HOMBRO 4,-,00,A,9999
M263,B,CUESTIONARIO SMT COLUMNA DORSAL 4,CUESTIONARIO SMT COLUMNA DORSAL 4,-,00,A,9999
M264,B,CUESTIONARIO SMT COLUMNA LUMBAR 4,CUESTIONARIO SMT COLUMNA LUMBAR 4,-,00,A,9999
M265,B,CUESTIONARIO SMT CODO O ANTEBRAZO 4,CUESTIONARIO SMT CODO O ANTEBRAZO 4,-,00,A,9999
M266,B,CUESTIONARIO SMT MUÑECA O MANO 4,CUESTIONARIO SMT MUÑECA O MANO 4,-,00,A,9999
M267,B,CUESTIONARIO SMT CADERA O MUSLO 4,CUESTIONARIO SMT CADERA O MUSLO 4,-,00,A,9999
M268,B,CUESTIONARIO SMT RODILLA 4,CUESTIONARIO SMT RODILLA 4,-,00,A,9999
M269,B,CUESTIONARIO SMT TOBILLO O PIE 4,CUESTIONARIO SMT TOBILLO O PIE 4,-,00,A,9999
M270,S,CUESTIONARIO SMT CUELLO 5,CUESTIONARIO SMT CUELLO 5,-,00,A,9999
M271,S,CUESTIONARIO SMT HOMBRO 5,CUESTIONARIO SMT HOMBRO 5,-,00,A,9999
M272,S,CUESTIONARIO SMT COLUMNA DORSAL 5,CUESTIONARIO SMT COLUMNA DORSAL 5,-,00,A,9999
M273,S,CUESTIONARIO SMT COLUMNA LUMBAR 5,CUESTIONARIO SMT COLUMNA LUMBAR 5,-,00,A,9999
M274,S,CUESTIONARIO SMT CODO O ANTEBRAZO 5,CUESTIONARIO SMT CODO O ANTEBRAZO 5,-,00,A,9999
M275,S,CUESTIONARIO SMT MUÑECA O MANO 5,CUESTIONARIO SMT MUÑECA O MANO 5,-,00,A,9999
M276,S,CUESTIONARIO SMT CADERA O MUSLO 5,CUESTIONARIO SMT CADERA O MUSLO 5,-,00,A,9999
M277,S,CUESTIONARIO SMT RODILLA 5,CUESTIONARIO SMT RODILLA 5,-,00,A,9999
M278,S,CUESTIONARIO SMT TOBILLO O PIE 5,CUESTIONARIO SMT TOBILLO O PIE 5,-,00,A,9999
M279,S,CUESTIONARIO SMT CUELLO 6,CUESTIONARIO SMT CUELLO 6,-,00,A,9999
M280,S,CUESTIONARIO SMT HOMBRO 6,CUESTIONARIO SMT HOMBRO 6,-,00,A,9999
M281,S,CUESTIONARIO SMT COLUMNA DORSAL 6,CUESTIONARIO SMT COLUMNA DORSAL 6,-,00,A,9999
M282,S,CUESTIONARIO SMT COLUMNA LUMBAR 6,CUESTIONARIO SMT COLUMNA LUMBAR 6,-,00,A,9999
M283,S,CUESTIONARIO SMT CODO O ANTEBRAZO 6,CUESTIONARIO SMT CODO O ANTEBRAZO 6,-,00,A,9999
M284,S,CUESTIONARIO SMT MUÑECA O MANO 6,CUESTIONARIO SMT MUÑECA O MANO 6,-,00,A,9999
M285,S,CUESTIONARIO SMT CADERA O MUSLO 6,CUESTIONARIO SMT CADERA O MUSLO 6,-,00,A,9999
M286,S,CUESTIONARIO SMT RODILLA 6,CUESTIONARIO SMT RODILLA 6,-,00,A,9999
M287,S,CUESTIONARIO SMT TOBILLO O PIE 6,CUESTIONARIO SMT TOBILLO O PIE 6,-,00,A,9999
M288,S,CUESTIONARIO SMT CUELLO 7,CUESTIONARIO SMT CUELLO 7,-,00,A,9999
M289,S,CUESTIONARIO SMT HOMBRO 7,CUESTIONARIO SMT HOMBRO 7,-,00,A,9999
M290,S,CUESTIONARIO SMT COLUMNA DORSAL 7,CUESTIONARIO SMT COLUMNA DORSAL 7,-,00,A,9999
M291,S,CUESTIONARIO SMT COLUMNA LUMBAR 7,CUESTIONARIO SMT COLUMNA LUMBAR 7,-,00,A,9999
M292,S,CUESTIONARIO SMT CODO O ANTEBRAZO 7,CUESTIONARIO SMT CODO O ANTEBRAZO 7,-,00,A,9999
M293,S,CUESTIONARIO SMT MUÑECA O MANO 7,CUESTIONARIO SMT MUÑECA O MANO 7,-,00,A,9999
M294,S,CUESTIONARIO SMT CADERA O MUSLO 7,CUESTIONARIO SMT CADERA O MUSLO 7,-,00,A,9999
M295,S,CUESTIONARIO SMT RODILLA 7,CUESTIONARIO SMT RODILLA 7,-,00,A,9999
M296,S,CUESTIONARIO SMT TOBILLO O PIE 7,CUESTIONARIO SMT TOBILLO O PIE 7,-,00,A,9999
M297,B,CUESTIONARIO SMT CUELLO 8,CUESTIONARIO SMT CUELLO 8,-,00,A,9999
M298,B,CUESTIONARIO SMT HOMBRO 8,CUESTIONARIO SMT HOMBRO 8,-,00,A,9999
M299,B,CUESTIONARIO SMT COLUMNA DORSAL 8,CUESTIONARIO SMT COLUMNA DORSAL 8,-,00,A,9999
M300,B,CUESTIONARIO SMT COLUMNA LUMBAR 8,CUESTIONARIO SMT COLUMNA LUMBAR 8,-,00,A,9999
M301,B,CUESTIONARIO SMT CODO O ANTEBRAZO 8,CUESTIONARIO SMT CODO O ANTEBRAZO 8,-,00,A,9999
M302,B,CUESTIONARIO SMT MUÑECA O MANO 8,CUESTIONARIO SMT MUÑECA O MANO 8,-,00,A,9999
M303,B,CUESTIONARIO SMT CADERA O MUSLO 8,CUESTIONARIO SMT CADERA O MUSLO 8,-,00,A,9999
M304,B,CUESTIONARIO SMT RODILLA 8,CUESTIONARIO SMT RODILLA 8,-,00,A,9999
M305,B,CUESTIONARIO SMT TOBILLO O PIE 8,CUESTIONARIO SMT TOBILLO O PIE 8,-,00,A,9999
M306,B,CUESTIONARIO SMT CUELLO 9,CUESTIONARIO SMT CUELLO 9,-,00,A,9999
M307,B,CUESTIONARIO SMT HOMBRO 9,CUESTIONARIO SMT HOMBRO 9,-,00,A,9999
M308,B,CUESTIONARIO SMT COLUMNA DORSAL 9,CUESTIONARIO SMT COLUMNA DORSAL 9,-,00,A,9999
M309,B,CUESTIONARIO SMT COLUMNA LUMBAR 9,CUESTIONARIO SMT COLUMNA LUMBAR 9,-,00,A,9999
M310,B,CUESTIONARIO SMT CODO O ANTEBRAZO 9,CUESTIONARIO SMT CODO O ANTEBRAZO 9,-,00,A,9999
M311,B,CUESTIONARIO SMT MUÑECA O MANO 9,CUESTIONARIO SMT MUÑECA O MANO 9,-,00,A,9999
M312,B,CUESTIONARIO SMT CADERA O MUSLO 9,CUESTIONARIO SMT CADERA O MUSLO 9,-,00,A,9999
M313,B,CUESTIONARIO SMT RODILLA 9,CUESTIONARIO SMT RODILLA 9,-,00,A,9999
M314,B,CUESTIONARIO SMT TOBILLO O PIE 9,CUESTIONARIO SMT TOBILLO O PIE 9,-,00,A,9999
M315,S,CUESTIONARIO SMT CUELLO 10,CUESTIONARIO SMT CUELLO 10,-,00,A,9999
M316,S,CUESTIONARIO SMT HOMBRO 10,CUESTIONARIO SMT HOMBRO 10,-,00,A,9999
M317,S,CUESTIONARIO SMT COLUMNA DORSAL 10,CUESTIONARIO SMT COLUMNA DORSAL 10,-,00,A,9999
M318,S,CUESTIONARIO SMT COLUMNA LUMBAR 10,CUESTIONARIO SMT COLUMNA LUMBAR 10,-,00,A,9999
M319,S,CUESTIONARIO SMT CODO O ANTEBRAZO 10,CUESTIONARIO SMT CODO O ANTEBRAZO 10,-,00,A,9999
M320,S,CUESTIONARIO SMT MUÑECA O MANO 10,CUESTIONARIO SMT MUÑECA O MANO 10,-,00,A,9999
M321,S,CUESTIONARIO SMT CADERA O MUSLO 10,CUESTIONARIO SMT CADERA O MUSLO 10,-,00,A,9999
M322,S,CUESTIONARIO SMT RODILLA 10,CUESTIONARIO SMT RODILLA 10,-,00,A,9999
M323,S,CUESTIONARIO SMT TOBILLO O PIE 10,CUESTIONARIO SMT TOBILLO O PIE 10,-,00,A,9999
M324,S,CUESTIONARIO SMT CUELLO 11,CUESTIONARIO SMT CUELLO 11,-,00,A,9999
M325,I,CUESTIONARIO SMT CUELLO 11 OTROS,CUESTIONARIO SMT CUELLO 11 OTROS,-,00,A,9999
M326,S,CUESTIONARIO SMT HOMBRO 11,CUESTIONARIO SMT HOMBRO 11,-,00,A,9999
M327,I,CUESTIONARIO SMT HOMBRO 11 OTROS,CUESTIONARIO SMT HOMBRO 11 OTROS,-,00,A,9999
M328,S,CUESTIONARIO SMT COLUMNA DORSAL 11,CUESTIONARIO SMT COLUMNA DORSAL 11,-,00,A,9999
M329,I,CUESTIONARIO SMT COLUMNA DORSAL 11 OTROS,CUESTIONARIO SMT COLUMNA DORSAL 11 OTROS,-,00,A,9999
M330,S,CUESTIONARIO SMT COLUMNA LUMBAR 11,CUESTIONARIO SMT COLUMNA LUMBAR 11,-,00,A,9999
M331,I,CUESTIONARIO SMT COLUMNA LUMBAR 11 OTROS,CUESTIONARIO SMT COLUMNA LUMBAR 11 OTROS,-,00,A,9999
M332,S,CUESTIONARIO SMT CODO O ANTEBRAZO 11,CUESTIONARIO SMT CODO O ANTEBRAZO 11,-,00,A,9999
M333,I,CUESTIONARIO SMT CODO O ANTEBRAZO 11 OTROS,CUESTIONARIO SMT CODO O ANTEBRAZO 11 OTROS,-,00,A,9999
M334,S,CUESTIONARIO SMT MUÑECA O MANO 11,CUESTIONARIO SMT MUÑECA O MANO 11,-,00,A,9999
M335,I,CUESTIONARIO SMT MUÑECA O MANO 11 OTROS,CUESTIONARIO SMT MUÑECA O MANO 11 OTROS,-,00,A,9999
M336,S,CUESTIONARIO SMT CADERA O MUSLO 11,CUESTIONARIO SMT CADERA O MUSLO 11,-,00,A,9999
M337,I,CUESTIONARIO SMT CADERA O MUSLO 11 OTROS,CUESTIONARIO SMT CADERA O MUSLO 11 OTROS,-,00,A,9999
M338,S,CUESTIONARIO SMT RODILLA 11,CUESTIONARIO SMT RODILLA 11,-,00,A,9999
M339,I,CUESTIONARIO SMT RODILLA 11 OTROS,CUESTIONARIO SMT RODILLA 11 OTROS,-,00,A,9999
M340,S,CUESTIONARIO SMT TOBILLO O PIE 11,CUESTIONARIO SMT TOBILLO O PIE 11,-,00,A,9999
M341,I,CUESTIONARIO SMT TOBILLO O PIE 11 OTROS,CUESTIONARIO SMT TOBILLO O PIE 11 OTROS,-,00,A,9999
M342,B,"¿TUVO DESPRENDIMIENTO DE LA RETINA O UNA OPERACION (CIRUGIA) DE LOS OJOS, TORAX O ABDOMEN, EN LOS ULTIMOS 3 MESES?","¿TUVO DESPRENDIMIENTO DE LA RETINA O UNA OPERACION (CIRUGIA) DE LOS OJOS, TORAX O ABDOMEN, EN LOS ULTIMOS 3 MESES?",-,00,A,9999
M343,B,¿HA TENIDO ALGUN ATAQUE CARDIACO O INFARTO AL CORAZON EN LOS ULTIMOS 3 MESES?,¿HA TENIDO ALGUN ATAQUE CARDIACO O INFARTO AL CORAZON EN LOS ULTIMOS 3 MESES?,-,00,A,9999
M344,B,¿HA ESTADO HOSPITALIZADO (A) POR CUALQUIER OTRO PROBLEMA DEL CORAZON EN LOS ULTIMOS 3 MESES?,¿HA ESTADO HOSPITALIZADO (A) POR CUALQUIER OTRO PROBLEMA DEL CORAZON EN LOS ULTIMOS 3 MESES?,-,00,A,9999
M345,B,"¿ESTA USANDO MEDICAMENTOS PARA LA TUBERCULOSIS, EN ESTE MOMENTO?","¿ESTA USANDO MEDICAMENTOS PARA LA TUBERCULOSIS, EN ESTE MOMENTO?",-,00,A,9999
M346,B,EN CASO DE SER MUJER: ¿ESTA USTED EMBARAZADA ACTUALMENTE?,EN CASO DE SER MUJER: ¿ESTA USTED EMBARAZADA ACTUALMENTE?,-,00,A,9999
M347,B,HEMOPTISIS,HEMOPTISIS,-,00,A,9999
M348,B,PNEUMOTORAX,PNEUMOTORAX,-,00,A,9999
M349,B,TRAQUEOSTOMIA,TRAQUEOSTOMIA,-,00,A,9999
M350,B,SONDA PLEURAL,SONDA PLEURAL,-,00,A,9999
M351,B,"ANEURISMAS CEREBRAL, ABDOMEN, TORAX","ANEURISMAS CEREBRAL, ABDOMEN, TORAX",-,00,A,9999
M352,B,EMBOLIA PULMONAR,EMBOLIA PULMONAR,-,00,A,9999
M353,B,INFARTO RECIENTE,INFARTO RECIENTE,-,00,A,9999
M354,B,INESTABILIDAD CV,INESTABILIDAD CV,-,00,A,9999
M355,B,"FIEBRE,NAUSEA, VOMITO","FIEBRE,NAUSEA, VOMITO",-,00,A,9999
M356,B,EMBARAZO AVANZADO,EMBARAZO AVANZADO,-,00,A,9999
M357,B,EMBARAZO COMPLICADO,EMBARAZO COMPLICADO,-,00,A,9999
M358,B,"TUVO UNA INFECCION RESPIRATORIA (RESFRIADO), EN LAS ULTIMAS 3 SEMANAS?","TUVO UNA INFECCION RESPIRATORIA (RESFRIADO), EN LAS ULTIMAS 3 SEMANAS?",-,00,A,9999
M359,B,TUVO INFECCION EN EL OIDO EN LAS ULTIMAS 3 SEMANAS?,TUVO INFECCION EN EL OIDO EN LAS ULTIMAS 3 SEMANAS?,-,00,A,9999
M360,B,"USO AEROSOLES (SPRAYS INHALADOS) O NEBULIZACIONES CON BRONCODILATADORES, EN LAS ULTIMAS 3 HORAS?","USO AEROSOLES (SPRAYS INHALADOS) O NEBULIZACIONES CON BRONCODILATADORES, EN LAS ULTIMAS 3 HORAS?",-,00,A,9999
M361,B,¿HA USADO ALGUN MEDICAMENTO BRONCODILATADOR TOMA EN LAS ULTIMAS 8 HORAS?,¿HA USADO ALGUN MEDICAMENTO BRONCODILATADOR TOMA EN LAS ULTIMAS 8 HORAS?,-,00,A,9999
M362,B,"¿FUMO (CUALQUIER TIPO DE CIGARRO), EN LAS ULTIMAS DOS HORAS?","¿FUMO (CUALQUIER TIPO DE CIGARRO), EN LAS ULTIMAS DOS HORAS?",-,00,A,9999
M363,I,CANTIDAD CIGARROS DOS HORAS,CANTIDAD CIGARROS DOS HORAS,-,00,A,9999
M364,B,"¿REALIZO ALGUN EJERCICIO FISICO FUERTE (COMO GIMNASIA, CAMINATA O TROTAR), EN LA ULTIMA HORA?","¿REALIZO ALGUN EJERCICIO FISICO FUERTE (COMO GIMNASIA, CAMINATA O TROTAR), EN LA ULTIMA HORA?",-,00,A,9999
M365,B,¿COMIO EN LA ULTIMA HORA?,¿COMIO EN LA ULTIMA HORA?,-,00,A,9999
M366,S,FLEXIBILIDAD/FUERZA ABDOMEN,FLEXIBILIDAD/FUERZA ABDOMEN,-,00,A,9999
M367,I,FLEXIBILIDAD/FUERZA ABDOMEN OBSERVACIONES,FLEXIBILIDAD/FUERZA ABDOMEN OBSERVACIONES,-,00,A,9999
M368,S,FLEXIBILIDAD/FUERZA CADERA,FLEXIBILIDAD/FUERZA CADERA,-,00,A,9999
M369,I,FLEXIBILIDAD/FUERZA CADERA OBSERVACIONES,FLEXIBILIDAD/FUERZA CADERA OBSERVACIONES,-,00,A,9999
M370,S,FLEXIBILIDAD/FUERZA MUSLO,FLEXIBILIDAD/FUERZA MUSLO,-,00,A,9999
M371,I,FLEXIBILIDAD/FUERZA MUSLO OBSERVACIONES,FLEXIBILIDAD/FUERZA MUSLO OBSERVACIONES,-,00,A,9999
M372,S,FLEXIBILIDAD/FUERZA ABDOMEN LATERAL,FLEXIBILIDAD/FUERZA ABDOMEN LATERAL,-,00,A,9999
M373,I,FLEXIBILIDAD/FUERZA ABDOMEN LATERAL OBSERVACIONES,FLEXIBILIDAD/FUERZA ABDOMEN LATERAL OBSERVACIONES,-,00,A,9999
M374,S,RANGOS ARTICULARES ABDUCCION HOMBRO NORMAL 0 - 180,RANGOS ARTICULARES ABDUCCION HOMBRO NORMAL 0 - 180,-,00,A,9999
M375,I,ABDUCCION HOMBRO NORMAL 0 - 180 DOLOR CONTRA RESISTENCIA,ABDUCCION HOMBRO NORMAL 0 - 180 DOLOR CONTRA RESISTENCIA,-,00,A,9999
M376,S,RANGOS ARTICULARES ABDUCCION HOMBRO NORMAL 0 - 60,RANGOS ARTICULARES ABDUCCION HOMBRO NORMAL 0 - 60,-,00,A,9999
M377,I,ABDUCCION HOMBRO NORMAL 0 - 60 DOLOR CONTRA RESISTENCIA,ABDUCCION HOMBRO NORMAL 0 - 60 DOLOR CONTRA RESISTENCIA,-,00,A,9999
M378,S,RANGOS ARTICULARES ROTACION EXTERNA NORMAL 0 - 90,RANGOS ARTICULARES ROTACION EXTERNA NORMAL 0 - 90,-,00,A,9999
M379,I,ROTACION EXTERNA NORMAL 0 - 90 DOLOR CONTRA RESISTENCIA,ROTACION EXTERNA NORMAL 0 - 90 DOLOR CONTRA RESISTENCIA,-,00,A,9999
M380,S,RANGOS ARTICULARES ROTACION EXTERNA HOMBRO INTERNA,RANGOS ARTICULARES ROTACION EXTERNA HOMBRO INTERNA,-,00,A,9999
M381,I,ROTACION EXTERNA HOMBRO INTERNA DOLOR CONTRA RESISTENCIA,ROTACION EXTERNA HOMBRO INTERNA DOLOR CONTRA RESISTENCIA,-,00,A,9999
M382,B,ACROFOBIA,ACROFOBIA,-,00,A,9999
M383,B,AGORAFOBIA,AGORAFOBIA,-,00,A,9999
M384,B,CONSUMO DE ALCOHOL,CONSUMO DE ALCOHOL,-,00,A,9999
M385,B,CONSUMO DE DROGAS,CONSUMO DE DROGAS,-,00,A,9999
M386,B,CONSUMO DE MEDICAMENTOS,CONSUMO DE MEDICAMENTOS,-,00,A,9999
M387,B,ENFERMEDAD PSIQUIATRICA,ENFERMEDAD PSIQUIATRICA,-,00,A,9999
M388,B,ANTECEDENTES DE TEC,ANTECEDENTES DE TEC,-,00,A,9999
M389,B,CONVULCIONES Y EPILEPSIA,CONVULCIONES Y EPILEPSIA,-,00,A,9999
M390,B,VERTIGOS,VERTIGOS,-,00,A,9999
M391,B,MAREOS,MAREOS,-,00,A,9999
M392,B,SINCOPE,SINCOPE,-,00,A,9999
M393,B,MIOCLONIAS,MIOCLONIAS,-,00,A,9999
M394,B,ACATISIA,ACATISIA,-,00,A,9999
M395,B,CEFALEAS / MIGRANA,CEFALEAS / MIGRANA,-,00,A,9999
M396,B,DIABETES NO CONTROLADA,DIABETES NO CONTROLADA,-,00,A,9999
M397,B,INSUFICIENCIA CARDIACA,INSUFICIENCIA CARDIACA,-,00,A,9999
M398,B,HIPERTENSION ARTERIAL NO CONTROLADA,HIPERTENSION ARTERIAL NO CONTROLADA,-,00,A,9999
M399,B,ARRITMIAS,ARRITMIAS,-,00,A,9999
M400,B,OTRAS ALTERACIONES CARDIOVASCULARES,OTRAS ALTERACIONES CARDIOVASCULARES,-,00,A,9999
M401,B,AMETROPIA DE LEJOS,AMETROPIA DE LEJOS,-,00,A,9999
M402,B,ESTEREOPSIA ALTERADA,ESTEREOPSIA ALTERADA,-,00,A,9999
M403,B,ASMA BRONQUIAL NO CONTROLADO,ASMA BRONQUIAL NO CONTROLADO,-,00,A,9999
M404,B,PATRON  OBSTRUCTIVO MODERADO O SEVERO,PATRON  OBSTRUCTIVO MODERADO O SEVERO,-,00,A,9999
M405,B,HIPOACUSIA SEVERA,HIPOACUSIA SEVERA,-,00,A,9999
M406,B,RECIBIO ENTRENAMIENTO PARA TRABAJOS EN ALTURA,RECIBIO ENTRENAMIENTO PARA TRABAJOS EN ALTURA,-,00,A,9999
M407,B,CLAUSTROFOBIA,CLAUSTROFOBIA,-,00,A,9999
M408,B,ANTECEDENTES DE ACCIDENTES DE TRABAJO,ANTECEDENTES DE ACCIDENTES DE TRABAJO,-,00,A,9999
M409,B,ALERGIAS,ALERGIAS,-,00,A,9999
M410,B,TIMPANOS,TIMPANOS,-,00,A,9999
M411,B,AUDICION(2M),AUDICION(2M),-,00,A,9999
M412,B,SUSTENTACION EN UN PIE POR 15,SUSTENTACION EN UN PIE POR 15,-,00,A,9999
M413,B,CAMINAR LIBRE SOBRE RECTA (3M SIN DESVIO),CAMINAR LIBRE SOBRE RECTA (3M SIN DESVIO),-,00,A,9999
M414,B,CAMINAR LIBRE OJOS VENDADOS (3M SIN DESVIO),CAMINAR LIBRE OJOS VENDADOS (3M SIN DESVIO),-,00,A,9999
M415,B,CAMINAR LIBRE OJOS VENDADOS PUNTA TALON (3M SIN DESVIO),CAMINAR LIBRE OJOS VENDADOS PUNTA TALON (3M SIN DESVIO),-,00,A,9999
M416,B,LIMITACION EN FUERZA O MOVILIDAD DE EXTREMIDADES,LIMITACION EN FUERZA O MOVILIDAD DE EXTREMIDADES,-,00,A,9999
M417,B,DIADOCOQUINESIA DIRECTA,DIADOCOQUINESIA DIRECTA,-,00,A,9999
M418,B,DIADOCOQUINESIA CRUZADA,DIADOCOQUINESIA CRUZADA,-,00,A,9999
M419,B,NISTAGMUS,NISTAGMUS,-,00,A,9999
M420,I,LESIONES CUERPO DE FRENTE,LESIONES CUERPO DE FRENTE,-,00,A,9999
M421,I,LESIONES CUERPO DETRÁS,LESIONES CUERPO DETRÁS,-,00,A,9999
M422,I,LESIONES ROSTRO,LESIONES ROSTRO,-,00,A,9999
M423,I,LESIONES MANOS,LESIONES MANOS,-,00,A,9999
M424,I,LESIONES PIES,LESIONES PIES,-,00,A,9999
M425,S,TIPO DE PIEL,TIPO DE PIEL,-,00,A,9999
M426,I,TAMAÑO LESIONES,TAMAÑO LESIONES,-,00,A,9999
M427,I,ASPECTO LESIONES,ASPECTO LESIONES,-,00,A,9999
M428,I,PATRÓN DE DISTRIBUCIÓN LESIONES,PATRÓN DE DISTRIBUCIÓN LESIONES,-,00,A,9999
M429,I,"MORFOLOGÍA LESIONES (LINEAL, PLANA, DIFUSA, OTRAS)","MORFOLOGÍA LESIONES (LINEAL, PLANA, DIFUSA, OTRAS)",-,00,A,9999
M430,B,EXISTEN SIGNOS DE RASCADO,EXISTEN SIGNOS DE RASCADO,-,00,A,9999
M431,B,EXISTEN LESIONES EN AREA FOTOEXPUESTA,EXISTEN LESIONES EN AREA FOTOEXPUESTA,-,00,A,9999
M432,B,EXISTEN LESIONES A DISTANCIA,EXISTEN LESIONES A DISTANCIA,-,00,A,9999
M433,I,PALPACIÓN GANGLIONAR,PALPACIÓN GANGLIONAR,-,00,A,9999
M434,I,AUSCULTACIÓN PULMONAR,AUSCULTACIÓN PULMONAR,-,00,A,9999
M435,B,ALTERACIÓN DEL SNC,ALTERACIÓN DEL SNC,-,00,A,9999
M436,B,ALTERACIÓN GASTROINTESTINAL,ALTERACIÓN GASTROINTESTINAL,-,00,A,9999
M437,S,SENTADO Y LEYENDO,SENTADO Y LEYENDO,-,00,A,9999
M438,S,VIENDO LA TV,VIENDO LA TV,-,00,A,9999
M439,S,"SENTADO, INACTIVO EN UN LUGAR PÚBLICO (EJ: CINE, TEATRO, CONFERENCIA, ETC.)","SENTADO, INACTIVO EN UN LUGAR PÚBLICO (EJ: CINE, TEATRO, CONFERENCIA, ETC.)",-,00,A,9999
M440,S,COMO PASAJERO DE UN COCHE EN UN VIAJE DE 1 HORA SIN PARADAS,COMO PASAJERO DE UN COCHE EN UN VIAJE DE 1 HORA SIN PARADAS,-,00,A,9999
M441,S,ESTIRADO PARA DESCANSAR AL MEDIODÍA CUANDO LAS CIRCUNSTANCIAS LO PERMITEN,ESTIRADO PARA DESCANSAR AL MEDIODÍA CUANDO LAS CIRCUNSTANCIAS LO PERMITEN,-,00,A,9999
M442,S,SENTADO Y HABLANDO CON OTRA PERSONA,SENTADO Y HABLANDO CON OTRA PERSONA,-,00,A,9999
M443,S,SENTADO TRANQUILAMENTE DESPUÉS DE UNA COMIDA SIN ALCOHOL,SENTADO TRANQUILAMENTE DESPUÉS DE UNA COMIDA SIN ALCOHOL,-,00,A,9999
M444,S,"EN UN COCHE, ESTANDO PARADO POR EL TRANSITO UNOS MINUTOS (EJ: SEMÁFORO, RETENCIÓN,..)","EN UN COCHE, ESTANDO PARADO POR EL TRANSITO UNOS MINUTOS (EJ: SEMÁFORO, RETENCIÓN,..)",-,00,A,9999
M445,I,MOTIVO DE LA EVALUACION,MOTIVO DE LA EVALUACION,-,00,A,9999
M446,S,PRESENTACION,PRESENTACION,-,00,A,9999
M447,S,POSTURA,POSTURA,-,00,A,9999
M448,S,DISCURSO RITMO,DISCURSO RITMO,-,00,A,9999
M449,S,DISCURSO TONO,DISCURSO TONO,-,00,A,9999
M450,S,DISCURSO ARTICULACION,DISCURSO ARTICULACION,-,00,A,9999
M451,S,ORIENTACION TIEMPO,ORIENTACION TIEMPO,-,00,A,9999
M452,S,ORIENTACION ESPACIO,ORIENTACION ESPACIO,-,00,A,9999
M453,S,ORIENTACION PERSONA,ORIENTACION PERSONA,-,00,A,9999
M454,I,NIVEL INTELECTUAL,NIVEL INTELECTUAL,-,00,A,9999
M455,I,COORDINACION VISOMOTRIZ,COORDINACION VISOMOTRIZ,-,00,A,9999
M456,I,NIVEL DE MEMORIA,NIVEL DE MEMORIA,-,00,A,9999
M457,I,PERSONALIDAD,PERSONALIDAD,-,00,A,9999
M458,I,AFECTIVIDAD,AFECTIVIDAD,-,00,A,9999
M459,S,AREA DE TRABAJO,AREA DE TRABAJO,-,00,A,9999
M460,I,TIEMPO LABORADO,TIEMPO LABORADO,-,00,A,9999
M461,I,PUESTO,PUESTO,-,00,A,9999
M462,I,PRINCIPALES RIESGOS,PRINCIPALES RIESGOS,-,00,A,9999
M463,I,MEDIDAS DE SEGURIDAD,MEDIDAS DE SEGURIDAD,-,00,A,9999
M464,I,HISTORIA FAMILIAR,HISTORIA FAMILIAR,-,00,A,9999
M465,I,ACCIDENTES Y ENFERMEDADES (Durante el tiempo laborado),ACCIDENTES Y ENFERMEDADES (Durante el tiempo laborado),-,00,A,9999
M466,I,HABITOS PASATIEMPOS,HABITOS PASATIEMPOS,-,00,A,9999
M467,I,LUCIDO ATENTO,LUCIDO ATENTO,-,00,A,9999
M468,I,PENSAMIENTO,PENSAMIENTO,-,00,A,9999
M469,I,PERCEPCION,PERCEPCION,-,00,A,9999
M470,S,MEMORIA,MEMORIA,-,00,A,9999
M471,S,INTELIGENCIA,INTELIGENCIA,-,00,A,9999
M472,I,APETITO,APETITO,-,00,A,9999
M473,I,SUEÑO,SUEÑO,-,00,A,9999
M474,I,PERSONALIDAD,PERSONALIDAD,-,00,A,9999
M475,I,SEXUALIDAD,SEXUALIDAD,-,00,A,9999
M476,I,CONDUCTA SEXUAL,CONDUCTA SEXUAL,-,00,A,9999
M477,I,TEST DE PERSONALIDAD EYSENCK,TEST DE PERSONALIDAD EYSENCK,-,00,A,9999
M478,I,ESCALA DE MOTIVADORES PSICOSOCIALES MPS,ESCALA DE MOTIVADORES PSICOSOCIALES MPS,-,00,A,9999
M479,I,DIAGNOSTICO NEUROPSICOLOGICO ADULTOS LURIA-DNA,DIAGNOSTICO NEUROPSICOLOGICO ADULTOS LURIA-DNA,-,00,A,9999
M480,I,ESCALA DE SOMNOLENCIA EPWORTH,ESCALA DE SOMNOLENCIA EPWORTH,-,00,A,9999
M481,I,INVENTARIO DE BURNOUT,INVENTARIO DE BURNOUT,-,00,A,9999
M482,I,TEST DE SADS,TEST DE SADS,-,00,A,9999
M483,I,BATERIA DE CONDUCTORES,BATERIA DE CONDUCTORES,-,00,A,9999
M484,I,WAIS,WAIS,-,00,A,9999
M485,I,TEST BENTON,TEST BENTON,-,00,A,9999
M486,I,TEST BENDER,TEST BENDER,-,00,A,9999
M487,I,TEST DE ANSIEDAD DE ZUNG,TEST DE ANSIEDAD DE ZUNG,-,00,A,9999
M488,I,TEST DE DEPRESION ZUNG,TEST DE DEPRESION ZUNG,-,00,A,9999
M489,I,ESCALA DE ESTRES,ESCALA DE ESTRES,-,00,A,9999
M490,I,TEST FIGURA BAJO LA LLUVIA,TEST FIGURA BAJO LA LLUVIA,-,00,A,9999
M491,I,TEST DE FATIGA,TEST DE FATIGA,-,00,A,9999
M492,I,TEST ISTAS,TEST ISTAS,-,00,A,9999
M493,B,DIABETES,DIABETES,-,00,A,9999
M494,B,CIRUGIA OCULAR,CIRUGIA OCULAR,-,00,A,9999
M495,B,EXP. SUSTANCIA QUIMICA,EXP. SUSTANCIA QUIMICA,-,00,A,9999
M496,B,HIPERTENSION,HIPERTENSION,-,00,A,9999
M497,B,TRAUMA OCULAR,TRAUMA OCULAR,-,00,A,9999
M498,B,GLAUCOMA,GLAUCOMA,-,00,A,9999
M499,B,CORRECTORES OCULARES,CORRECTORES OCULARES,-,00,A,9999
M500,I,ULTIMA REFRACCION,ULTIMA REFRACCION,-,00,A,9999
M501,I,VISION DE LEJOS SIN CORRECTORES DERECHA,VISION DE LEJOS SIN CORRECTORES DERECHA,-,00,A,9999
M502,I,VISION DE LEJOS SIN CORRECTORES IZQUIERDA,VISION DE LEJOS SIN CORRECTORES IZQUIERDA,-,00,A,9999
M503,I,VISION DE LEJOS CON CORRECTORES DERECHA,VISION DE LEJOS CON CORRECTORES DERECHA,-,00,A,9999
M504,I,VISION DE LEJOS CON CORRECTORES IZQUIERDA,VISION DE LEJOS CON CORRECTORES IZQUIERDA,-,00,A,9999
M505,I,VISION DE CERCA SIN CORRECTORES,VISION DE CERCA SIN CORRECTORES,-,00,A,9999
M506,I,VISION DE CERCA CON CORRECTORES,VISION DE CERCA CON CORRECTORES,-,00,A,9999
M507,S,PATOLOGIA,PATOLOGIA,-,00,A,9999
M508,I,PATOLOGIA OTRO,PATOLOGIA OTRO,-,00,A,9999
M509,I,VISION DE COLORES (TEST DE ISHIHARA),VISION DE COLORES (TEST DE ISHIHARA),-,00,A,9999
M510,I,VISION ESTEREOSCOPICA,VISION ESTEREOSCOPICA,-,00,A,9999
M511,I,ANTECEDENTES OFTALMOLOGIA,ANTECEDENTES OFTALMOLOGIA,-,00,A,9999
M512,I,VISION DE LEJOS CON AGUJERO ESTENOPEICO DERECHA,VISION DE LEJOS CON AGUJERO ESTENOPEICO DERECHA,-,00,A,9999
M513,I,VISION DE LEJOS CON AGUJERO ESTENOPEICO IZQUIERDA,VISION DE LEJOS CON AGUJERO ESTENOPEICO IZQUIERDA,-,00,A,9999
M514,I,VISION DE CERCA CON AGUJERO ESTENOPEICO,VISION DE CERCA CON AGUJERO ESTENOPEICO,-,00,A,9999
M515,I,REFRACCION LEJOS OJO DERECHO ESFERICO,REFRACCION LEJOS OJO DERECHO ESFERICO,-,00,A,9999
M516,I,REFRACCION LEJOS OJO DERECHO CILINDRICO,REFRACCION LEJOS OJO DERECHO CILINDRICO,-,00,A,9999
M517,I,REFRACCION LEJOS OJO DERECHO EJE,REFRACCION LEJOS OJO DERECHO EJE,-,00,A,9999
M518,I,REFRACCION LEJOS OJO DERECHO DIP,REFRACCION LEJOS OJO DERECHO DIP,-,00,A,9999
M519,I,REFRACCION LEJOS OJO IZQUIERDO ESFERICO,REFRACCION LEJOS OJO IZQUIERDO ESFERICO,-,00,A,9999
M520,I,REFRACCION LEJOS OJO IZQUIERDO CILINDRICO,REFRACCION LEJOS OJO IZQUIERDO CILINDRICO,-,00,A,9999
M521,I,REFRACCION LEJOS OJO IZQUIERDO EJE,REFRACCION LEJOS OJO IZQUIERDO EJE,-,00,A,9999
M522,I,REFRACCION LEJOS OJO IZQUIERDO DIP,REFRACCION LEJOS OJO IZQUIERDO DIP,-,00,A,9999
M523,I,REFRACCION CERCA AD ESFERICO,REFRACCION CERCA AD ESFERICO,-,00,A,9999
M524,I,REFRACCION CERCA AD CILINDRICO,REFRACCION CERCA AD CILINDRICO,-,00,A,9999
M525,I,REFRACCION CERCA AD EJE,REFRACCION CERCA AD EJE,-,00,A,9999
M526,I,REFRACCION CERCA AD DIP,REFRACCION CERCA AD DIP,-,00,A,9999
M527,I,OJO SECO (BUT): 10 SEGUNDOS,OJO SECO (BUT): 10 SEGUNDOS,-,00,A,9999
M528,I,TONOMETRIA OJO DERECHO,TONOMETRIA OJO DERECHO,-,00,A,9999
M529,I,TONOMETRIA OJO IZQUIERDO,TONOMETRIA OJO IZQUIERDO,-,00,A,9999
M530,I,FONDO DE OJO OJO DERECHO,FONDO DE OJO OJO DERECHO,-,00,A,9999
M531,I,FONDO DE OJO OJO IZQUIERDO,FONDO DE OJO OJO IZQUIERDO,-,00,A,9999
M532,I,ANTECEDENTES NUTRICION,ANTECEDENTES NUTRICION,-,00,A,9999
M533,I,ANAMNESIS,ANAMNESIS,-,00,A,9999
M534,B,CIRUGIA MAYOR RECIENTE ULTIMOS 6 MESES,CIRUGIA MAYOR RECIENTE ULTIMOS 6 MESES,-,00,A,9999
M535,B,"DESORDENES DE LA COAGULACION, TROMBOSIS, OTROS ULTIMOS 6 MESES","DESORDENES DE LA COAGULACION, TROMBOSIS, OTROS ULTIMOS 6 MESES",-,00,A,9999
M536,B,DIABETES MELLITUS ULTIMOS 6 MESES,DIABETES MELLITUS ULTIMOS 6 MESES,-,00,A,9999
M537,B,HIPERTENSION ARTERIAL ULTIMOS 6 MESES,HIPERTENSION ARTERIAL ULTIMOS 6 MESES,-,00,A,9999
M538,B,EMBARAZO ULTIMOS 6 MESES,EMBARAZO ULTIMOS 6 MESES,-,00,A,9999
M539,B,PROBLEMAS NEUROLOGICOS ULTIMOS 6 MESES,PROBLEMAS NEUROLOGICOS ULTIMOS 6 MESES,-,00,A,9999
M540,B,INFECCIONES RECIENTES (DE MODERADAS A SEVERAS) ULTIMOS 6 MESES,INFECCIONES RECIENTES (DE MODERADAS A SEVERAS) ULTIMOS 6 MESES,-,00,A,9999
M541,B,OBESIDAD ULTIMOS 6 MESES,OBESIDAD ULTIMOS 6 MESES,-,00,A,9999
M542,B,PROBLEMAS CARDIACOS ULTIMOS 6 MESES,PROBLEMAS CARDIACOS ULTIMOS 6 MESES,-,00,A,9999
M543,B,PROBLEMAS RESPIRATORIOS ULTIMOS 6 MESES,PROBLEMAS RESPIRATORIOS ULTIMOS 6 MESES,-,00,A,9999
M544,B,PROBLEMAS OFTALMOLOGICOS ULTIMOS 6 MESES,PROBLEMAS OFTALMOLOGICOS ULTIMOS 6 MESES,-,00,A,9999
M545,B,PROBLEMAS DIGESTIVOS ULTIMOS 6 MESES,PROBLEMAS DIGESTIVOS ULTIMOS 6 MESES,-,00,A,9999
M546,B,APNEA DEL SUEÑO ULTIMOS 6 MESES,APNEA DEL SUEÑO ULTIMOS 6 MESES,-,00,A,9999
M547,B,ALERGIAS ULTIMOS 6 MESES,ALERGIAS ULTIMOS 6 MESES,-,00,A,9999
M548,B,OTRA CONDICION MEDICA IMPORTANTE ULTIMOS 6 MESES,OTRA CONDICION MEDICA IMPORTANTE ULTIMOS 6 MESES,-,00,A,9999
M549,I,USO DE MEDICACION ACTUAL,USO DE MEDICACION ACTUAL,-,00,A,9999
M550,I,PUESTO AL QUE POSTULA,PUESTO AL QUE POSTULA,-,00,A,9999
M551,B,REUBICACION,REUBICACION,-,00,A,9999
M552,S,MINERALES EXPLOTADOS O PROCESADOS,MINERALES EXPLOTADOS O PROCESADOS,-,00,A,9999
M553,I,MINERALES EXPLOTADOS O PROCESADOS TIPO,MINERALES EXPLOTADOS O PROCESADOS TIPO,-,00,A,9999
M554,S,ALTITUD DE LA LABOR,ALTITUD DE LA LABOR,-,00,A,9999
M555,B,EXPUESTO A Ruido,EXPUESTO A Ruido,-,00,A,9999
M556,B,EXPUESTO A Polvo,EXPUESTO A Polvo,-,00,A,9999
M557,B,EXPUESTO A Turnos,EXPUESTO A Turnos,-,00,A,9999
M558,B,EXPUESTO A Cargas,EXPUESTO A Cargas,-,00,A,9999
M559,B,EXPUESTO A Vibr. Segmentaria,EXPUESTO A Vibr. Segmentaria,-,00,A,9999
M560,B,EXPUESTO A Vibr. Total,EXPUESTO A Vibr. Total,-,00,A,9999
M561,B,EXPUESTO A Cancerígenos,EXPUESTO A Cancerígenos,-,00,A,9999
M562,B,EXPUESTO A Temperaturas,EXPUESTO A Temperaturas,-,00,A,9999
M563,B,EXPUESTO A Mutagénicos,EXPUESTO A Mutagénicos,-,00,A,9999
M564,B,EXPUESTO A Solventes,EXPUESTO A Solventes,-,00,A,9999
M565,B,EXPUESTO A Posturas,EXPUESTO A Posturas,-,00,A,9999
M566,B,EXPUESTO A Biológicos,EXPUESTO A Biológicos,-,00,A,9999
M567,B,EXPUESTO A Metales pesados,EXPUESTO A Metales pesados,-,00,A,9999
M568,B,EXPUESTO A Mov. Repetidos,EXPUESTO A Mov. Repetidos,-,00,A,9999
M569,B,EXPUESTO A PVD,EXPUESTO A PVD,-,00,A,9999
M570,B,EXPUESTO A Otros,EXPUESTO A Otros,-,00,A,9999
M571,I,EXPUESTO A OTROS DETALLE,EXPUESTO A OTROS DETALLE,-,00,A,9999
M572,I,ANTECEDENTES PERSONALES (Enfermedades y accidentes en el trabajo y fuera del mismo),ANTECEDENTES PERSONALES (Enfermedades y accidentes en el trabajo y fuera del mismo),-,00,A,9999
M573,I,ALERGIAS,ALERGIAS,-,00,A,9999
M574,I,INMUNIZACIONES,INMUNIZACIONES,-,00,A,9999
M575,I,ANTECEDENTES FAMILIARES PADRE,ANTECEDENTES FAMILIARES PADRE,-,00,A,9999
M576,I,ANTECEDENTES FAMILIARES MADRE,ANTECEDENTES FAMILIARES MADRE,-,00,A,9999
M577,I,ANTECEDENTES FAMILIARES HERMANOS,ANTECEDENTES FAMILIARES HERMANOS,-,00,A,9999
M578,I,ANTECEDENTES FAMILIARES HERMANOS NRO,ANTECEDENTES FAMILIARES HERMANOS NRO,-,00,A,9999
M579,I,ANTECEDENTES FAMILIARES ESPOSO(A),ANTECEDENTES FAMILIARES ESPOSO(A),-,00,A,9999
M580,I,ANTECEDENTES FAMILIARES HIJOS VIVOS,ANTECEDENTES FAMILIARES HIJOS VIVOS,-,00,A,9999
M581,I,ANTECEDENTES FAMILIARES HIJOS VIVOS NRO,ANTECEDENTES FAMILIARES HIJOS VIVOS NRO,-,00,A,9999
M582,I,ANTECEDENTES FAMILIARES HIJOS FALLECIDOS,ANTECEDENTES FAMILIARES HIJOS FALLECIDOS,-,00,A,9999
M583,I,ANTECEDENTES FAMILIARES HIJOS FALLECIDOS NRO,ANTECEDENTES FAMILIARES HIJOS FALLECIDOS NRO,-,00,A,9999
M584,S,HABITOS TABACO,HABITOS TABACO,-,00,A,9999
M585,S,HABITOS ALCOHOL,HABITOS ALCOHOL,-,00,A,9999
M586,S,HABITOS DROGA,HABITOS DROGA,-,00,A,9999
M587,I,FVC REF,FVC REF,-,00,A,9999
M588,I,FVC ABS,FVC ABS,-,00,A,9999
M589,I,FEV1 REF,FEV1 REF,-,00,A,9999
M590,I,FEV1 ABS,FEV1 ABS,-,00,A,9999
M591,I,FEV1/FVC REF,FEV1/FVC REF,-,00,A,9999
M592,I,FEV1/FVC ABS,FEV1/FVC ABS,-,00,A,9999
M593,I,FEF 25-75% REF,FEF 25-75% REF,-,00,A,9999
M594,I,FEF 25-75% ABS,FEF 25-75% ABS,-,00,A,9999
M595,I,CONCLUSION FUNCION RESPIRATORIA,CONCLUSION FUNCION RESPIRATORIA,-,00,A,9999
M596,I,CABEZA,CABEZA,-,00,A,9999
M597,I,CUELLO,CUELLO,-,00,A,9999
M598,I,"BOCA, AMIGDALAS, FARINGE, LARINGE","BOCA, AMIGDALAS, FARINGE, LARINGE",-,00,A,9999
M599,I,NARIZ,NARIZ,-,00,A,9999
M600,I,PIEZAS EN MAL ESTADO,PIEZAS EN MAL ESTADO,-,00,A,9999
M601,I,ENFERMEDADES OCULARES,ENFERMEDADES OCULARES,-,00,A,9999
M602,I,REFLEJOS PUPILARES,REFLEJOS PUPILARES,-,00,A,9999
M603,I,OTOSCOPIA DERECHO,OTOSCOPIA DERECHO,-,00,A,9999
M604,I,OTOSCOPIA IZQUIERDO,OTOSCOPIA IZQUIERDO,-,00,A,9999
M605,S,PULMONES,PULMONES,-,00,A,9999
M606,I,PULMONES DESCRIPCION,PULMONES DESCRIPCION,-,00,A,9999
M607,I,TORAX,TORAX,-,00,A,9999
M608,I,CORAZON,CORAZON,-,00,A,9999
M609,I,MIEMBROS SUPERIORES,MIEMBROS SUPERIORES,-,00,A,9999
M610,I,MIEMBROS INFERIORES,MIEMBROS INFERIORES,-,00,A,9999
M611,I,REFLEJOS OSTEO-TENDINOS,REFLEJOS OSTEO-TENDINOS,-,00,A,9999
M612,I,MARCHA,MARCHA,-,00,A,9999
M613,I,COLUMNA VERTEBRAL,COLUMNA VERTEBRAL,-,00,A,9999
M614,I,ABDOMEN,ABDOMEN,-,00,A,9999
M615,S,TACTO RECTAL,TACTO RECTAL,-,00,A,9999
M616,I,ANILLOS INGUINALES,ANILLOS INGUINALES,-,00,A,9999
M617,I,HERNIAS,HERNIAS,-,00,A,9999
M618,I,VÁRICES,VÁRICES,-,00,A,9999
M619,I,ÓRGANOS GENITALES,ÓRGANOS GENITALES,-,00,A,9999
M620,I,GANGLIOS,GANGLIOS,-,00,A,9999
M621,I,"LENGUAJE, ATENCIÓN, MEMORIA, ORIENTACIÓN, INTELIGENCIA, AFECTIVIDAD","LENGUAJE, ATENCIÓN, MEMORIA, ORIENTACIÓN, INTELIGENCIA, AFECTIVIDAD",-,00,A,9999
M622,I,PLACA TORAX SIMBOLOS,PLACA TORAX SIMBOLOS,-,00,A,9999
M623,I,PLACA TORAX VERTICES,PLACA TORAX VERTICES,-,00,A,9999
M624,I,PLACA TORAX SENOS,PLACA TORAX SENOS,-,00,A,9999
M625,I,PLACA TORAX CAMPOS PULMONARES,PLACA TORAX CAMPOS PULMONARES,-,00,A,9999
M626,I,PLACA TORAX MEDIASTINOS,PLACA TORAX MEDIASTINOS,-,00,A,9999
M627,I,PLACA TORAX HILOS,PLACA TORAX HILOS,-,00,A,9999
M628,I,PLACA TORAX SILUETA CARDIOVASCULAR,PLACA TORAX SILUETA CARDIOVASCULAR,-,00,A,9999
M629,S,NEUMOCONIOSIS,NEUMOCONIOSIS,-,00,A,9999
M630,I,ORINA,ORINA,-,00,A,9999
M631,S,REACCIONES SEROLÓGICAS A LÚES,REACCIONES SEROLÓGICAS A LÚES,-,00,A,9999
M632,I,ALTURA DE LABOR,ALTURA DE LABOR,-,00,A,9999
M633,I,AREA DE TRABAJO,AREA DE TRABAJO,-,00,A,9999
M634,I,TIEMPO DE RESIDENCIA EN LUGAR DE TRABAJO,TIEMPO DE RESIDENCIA EN LUGAR DE TRABAJO,-,00,A,9999
M635,B,RESIDENCIA EN LUGAR DE TRABAJO,RESIDENCIA EN LUGAR DE TRABAJO,-,00,A,9999
M636,B,TBC,TBC,-,00,A,9999
M637,B,HEPATITIS B,HEPATITIS B,-,00,A,9999
M638,B,H. COL,H. COL,-,00,A,9999
M639,B,PT. COLUMNA,PT. COLUMNA,-,00,A,9999
M640,B,QX. ,QX. ,-,00,A,9999
M641,B,ASMA,ASMA,-,00,A,9999
M642,B,HTA,HTA,-,00,A,9999
M643,B,ITS,ITS,-,00,A,9999
M644,B,TIFOIDEA,TIFOIDEA,-,00,A,9999
M645,B,PROB CV,PROB CV,-,00,A,9999
M646,B,HBP,HBP,-,00,A,9999
M647,B,OTROS ANTECEDENTES PATOLOGICOS PERSONALES,OTROS ANTECEDENTES PATOLOGICOS PERSONALES,-,00,A,9999
M648,B,BRONQUITIS,BRONQUITIS,-,00,A,9999
M649,B,NEOPLASIA,NEOPLASIA,-,00,A,9999
M650,B,CONVULSIONES,CONVULSIONES,-,00,A,9999
M651,B,H. TG,H. TG,-,00,A,9999
M652,B,ATROPATIA,ATROPATIA,-,00,A,9999
M653,B,MIGRAÑA,MIGRAÑA,-,00,A,9999
M654,I,OTROS ANTECEDENTES PATOLOGICOS PERSONALES,OTROS ANTECEDENTES PATOLOGICOS PERSONALES,-,00,A,9999
M655,I,QUEMADURAS,QUEMADURAS,-,00,A,9999
M656,I,CIRUGIAS,CIRUGIAS,-,00,A,9999
M657,I,INTOXICACIONES,INTOXICACIONES,-,00,A,9999
M658,I,HABITOS ALCOHOL TIPO,HABITOS ALCOHOL TIPO,-,00,A,9999
M659,I,HABITOS ALCOHOL CANTIDAD,HABITOS ALCOHOL CANTIDAD,-,00,A,9999
M660,I,HABITOS ALCOHOL FRECUENCIA,HABITOS ALCOHOL FRECUENCIA,-,00,A,9999
M661,I,HABITOS TABACO TIPO,HABITOS TABACO TIPO,-,00,A,9999
M662,I,HABITOS TABACO CANTIDAD,HABITOS TABACO CANTIDAD,-,00,A,9999
M663,I,HABITOS TABACO FRECUENCIA,HABITOS TABACO FRECUENCIA,-,00,A,9999
M664,I,HABITOS DROGAS TIPO,HABITOS DROGAS TIPO,-,00,A,9999
M665,I,HABITOS DROGAS CANTIDAD,HABITOS DROGAS CANTIDAD,-,00,A,9999
M666,I,HABITOS DROGAS FRECUENCIA,HABITOS DROGAS FRECUENCIA,-,00,A,9999
M667,I,HABITOS MEDICAMENTOS TIPO,HABITOS MEDICAMENTOS TIPO,-,00,A,9999
M668,I,HABITOS MEDICAMENTOS CANTIDAD,HABITOS MEDICAMENTOS CANTIDAD,-,00,A,9999
M669,I,HABITOS MEDICAMENTOS FRECUENCIA,HABITOS MEDICAMENTOS FRECUENCIA,-,00,A,9999
M670,I,EXAMEN CLINICO OTROS,EXAMEN CLINICO OTROS,-,00,A,9999
M671,I,ECTOSCOPIA,ECTOSCOPIA,-,00,A,9999
M672,I,ESTADO MENTAL,ESTADO MENTAL,-,00,A,9999
M673,I,PIEL SIN HALLAZGOS,PIEL SIN HALLAZGOS,-,00,A,9999
M674,I,PIEL HALLAZGOS,PIEL HALLAZGOS,-,00,A,9999
M675,I,CABELLO SIN HALLAZGOS,CABELLO SIN HALLAZGOS,-,00,A,9999
M676,I,CABELLO HALLAZGOS,CABELLO HALLAZGOS,-,00,A,9999
M677,I,OJOS Y ANEXOS SIN HALLAZGOS,OJOS Y ANEXOS SIN HALLAZGOS,-,00,A,9999
M678,I,VISION DE PROFUNDIDAD,VISION DE PROFUNDIDAD,-,00,A,9999
M679,I,OÍDOS SIN HALLAZGOS,OÍDOS SIN HALLAZGOS,-,00,A,9999
M680,I,OÍDOS HALLAZGOS,OÍDOS HALLAZGOS,-,00,A,9999
M681,I,NARIZ SIN HALLAZGOS,NARIZ SIN HALLAZGOS,-,00,A,9999
M682,I,NARIZ HALLAZGOS,NARIZ HALLAZGOS,-,00,A,9999
M683,I,BOCA SIN HALLAZGOS,BOCA SIN HALLAZGOS,-,00,A,9999
M684,I,BOCA HALLAZGOS,BOCA HALLAZGOS,-,00,A,9999
M685,I,FARINGE SIN HALLAZGOS,FARINGE SIN HALLAZGOS,-,00,A,9999
M686,I,FARINGE HALLAZGOS,FARINGE HALLAZGOS,-,00,A,9999
M687,I,CUELLO SIN HALLAZGOS,CUELLO SIN HALLAZGOS,-,00,A,9999
M688,I,CUELLO HALLAZGOS,CUELLO HALLAZGOS,-,00,A,9999
M689,I,APARATO RESPIRATORIO SIN HALLAZGOS,APARATO RESPIRATORIO SIN HALLAZGOS,-,00,A,9999
M690,I,APARATO RESPIRATORIO HALLAZGOS,APARATO RESPIRATORIO HALLAZGOS,-,00,A,9999
M691,I,APARATO CARDIOVASCULAR SIN HALLAZGOS,APARATO CARDIOVASCULAR SIN HALLAZGOS,-,00,A,9999
M692,I,APARATO CARDIOVASCULAR HALLAZGOS,APARATO CARDIOVASCULAR HALLAZGOS,-,00,A,9999
M693,I,APARATO DIGESTIVO SIN HALLAZGOS,APARATO DIGESTIVO SIN HALLAZGOS,-,00,A,9999
M694,I,APARATO DIGESTIVO HALLAZGOS,APARATO DIGESTIVO HALLAZGOS,-,00,A,9999
M695,I,APARATO GENITOURINARIO SIN HALLAZGOS,APARATO GENITOURINARIO SIN HALLAZGOS,-,00,A,9999
M696,I,APARATO GENITOURINARIO HALLAZGOS,APARATO GENITOURINARIO HALLAZGOS,-,00,A,9999
M697,I,APARATO LOCOMOTOR SIN HALLAZGOS,APARATO LOCOMOTOR SIN HALLAZGOS,-,00,A,9999
M698,I,APARATO LOCOMOTOR HALLAZGOS,APARATO LOCOMOTOR HALLAZGOS,-,00,A,9999
M699,I,MARCHA SIN HALLAZGOS,MARCHA SIN HALLAZGOS,-,00,A,9999
M700,I,MARCHA HALLAZGOS,MARCHA HALLAZGOS,-,00,A,9999
M701,I,COLUMNA SIN HALLAZGOS,COLUMNA SIN HALLAZGOS,-,00,A,9999
M702,I,COLUMNA HALLAZGOS,COLUMNA HALLAZGOS,-,00,A,9999
M703,I,MIEMBROS SUPERIORES SIN HALLAZGOS,MIEMBROS SUPERIORES SIN HALLAZGOS,-,00,A,9999
M704,I,MIEMBROS SUPERIORES HALLAZGOS,MIEMBROS SUPERIORES HALLAZGOS,-,00,A,9999
M705,I,MIEMBROS INFERIORES SIN HALLAZGOS,MIEMBROS INFERIORES SIN HALLAZGOS,-,00,A,9999
M706,I,MIEMBROS INFERIORES HALLAZGOS,MIEMBROS INFERIORES HALLAZGOS,-,00,A,9999
M707,I,SISTEMA LINFÁTICO SIN HALLAZGOS,SISTEMA LINFÁTICO SIN HALLAZGOS,-,00,A,9999
M708,I,SISTEMA LINFÁTICO HALLAZGOS,SISTEMA LINFÁTICO HALLAZGOS,-,00,A,9999
M709,I,SISTEMA NERVIOSO SIN HALLAZGOS,SISTEMA NERVIOSO SIN HALLAZGOS,-,00,A,9999
M710,I,SISTEMA NERVIOSO HALLAZGOS,SISTEMA NERVIOSO HALLAZGOS,-,00,A,9999
